{"current":{"color_text":"#3d4246","color_body_text":"#788188","color_sale_text":"#7796A8","color_borders":"#e8e9eb","color_button":"#7796A8","color_button_text":"#fff","color_small_button":"#fff","color_small_button_text":"#3d4246","color_text_field":"#fff","color_text_field_text":"#000","color_image_overlay_text":"#fff","color_image_overlay":"#3d4246","image_overlay_opacity":"0.25","color_body_bg":"#fff","type_header_family":"Google_Work+Sans_600_sans","type_header_base_size":"26px","type_base_family":"Google_Work+Sans_400_sans","type_base_size":"16px","type_bold_product_titles":false,"share_facebook":true,"share_twitter":true,"share_pinterest":true,"social_twitter_link":"","social_facebook_link":"","social_pinterest_link":"","social_instagram_link":"","social_tumblr_link":"","social_snapchat_link":"","social_youtube_link":"","social_vimeo_link":"","favicon":"","checkout_header_image":"","checkout_logo_image":"","checkout_logo_position":"left","checkout_logo_size":"medium","checkout_body_background_image":"","checkout_body_background_color":"#fff","checkout_input_background_color_mode":"white","checkout_sidebar_background_image":"","checkout_sidebar_background_color":"#fafafa","checkout_heading_font":"Helvetica Neue","checkout_body_font":"Helvetica Neue","checkout_accent_color":"#1990C6","checkout_button_color":"#1990C6","checkout_error_color":"#ff6d6d","sections":{"header":{"type":"header","settings":{"align_logo":"left","logo":"","logo_max_width":"100","main_linklist":"main-menu","message":false,"message_text":"Announce something here","message_link":"","color_bg":"#7796A8","color_text":"#fff"}},"slideshow":{"type":"slideshow","blocks":{"slideshow-0":{"type":"image","settings":{"image":"","alignment":"top","title":"Image slide","subheading":"Tell your brand's story through video and images","link":""}},"slideshow-1":{"type":"image","settings":{"image":"","alignment":"top","title":"Image slide","subheading":"Tell your brand's story through video and images","link":""}}},"block_order":["slideshow-0","slideshow-1"],"settings":{"autoplay":false,"autoplay_speed":"7000","slideshow_height":"small","text_size":"medium"}},"featured-collections":{"type":"collection","settings":{"title":"Featured collection","collection":"frontpage","show_vendor":true,"show_view_all":false}},"footer":{"type":"footer","settings":{"footer_linklist":"footer","footer_linklist_two":"","footer_newsletter_enable":true,"show_payment_icons":false}},"collection-template":{"type":"collection-template","settings":{"layout":"grid","grid":"4","rows":"2","show_vendor":false,"sort_enable":true,"tags_enable":true}},"product-template":{"type":"product-template","settings":{"image_size":"medium","show_quantity_selector":false,"show_variant_labels":true,"show_vendor":false,"enable_zoom":true,"show_share_buttons":true}}},"content_for_index":["slideshow","featured-collections"]},"presets":{"Default":{"color_text":"#3d4246","color_body_text":"#788188","color_sale_text":"#7796A8","color_borders":"#e8e9eb","color_button":"#7796A8","color_button_text":"#fff","color_small_button":"#fff","color_small_button_text":"#3d4246","color_text_field":"#fff","color_text_field_text":"#000","color_image_overlay_text":"#fff","color_image_overlay":"#3d4246","image_overlay_opacity":"0.25","color_body_bg":"#fff","type_header_family":"Google_Work+Sans_600_sans","type_header_base_size":"26px","type_base_family":"Google_Work+Sans_400_sans","type_base_size":"16px","type_bold_product_titles":false,"share_facebook":true,"share_twitter":true,"share_pinterest":true,"sections":{"header":{"type":"header","settings":{}},"hero":{"type":"hero","settings":{"text_size":"large"}},"slideshow":{"type":"slideshow","blocks":{"slideshow-0":{"type":"image","settings":{}},"slideshow-1":{"type":"image","settings":{}}},"block_order":["slideshow-0","slideshow-1"],"settings":{}},"featured-collections":{"type":"collection","settings":{"collection":"frontpage"}},"feature-row":{"type":"feature-row","settings":{}},"footer":{"type":"footer","settings":{"footer_linklist_two":""}}},"content_for_index":["hero","featured-collections","feature-row","slideshow"]}}}